{
  "pooled": {
    "implementation": "connection_pool",
    "total_queries": 5000,
    "total_errors": 0,
    "error_rate": 0.0,
    "avg_query_time_ms": 0.004681444168090821,
    "median_query_time_ms": 0.0045299530029296875,
    "p95_query_time_ms": 0.0050067901611328125,
    "min_query_time_ms": 0.0040531158447265625,
    "max_query_time_ms": 0.04076957702636719,
    "total_duration_seconds": 0.026072
  },
  "non_pooled": {
    "implementation": "simple_connection",
    "total_queries": 5000,
    "total_errors": 0,
    "error_rate": 0.0,
    "avg_query_time_ms": 0.06740775108337402,
    "median_query_time_ms": 0.06508827209472656,
    "p95_query_time_ms": 0.08081197738647461,
    "min_query_time_ms": 0.062465667724609375,
    "max_query_time_ms": 0.20837783813476562,
    "total_duration_seconds": 0.342998
  },
  "improvement": {
    "avg_query_time_percent": 93.0550358188029,
    "error_rate_percent": 0.0
  },
  "pool_info": {
    "max_connections": 10,
    "active_connections": 1
  },
  "test_info": {
    "queries_per_implementation": 500,
    "timestamp": "2024-11-14T18:25:31.571352",
    "doc_ids_tested": [
      1,
      2,
      3,
      4,
      5,
      6,
      7,
      8,
      9,
      10
    ]
  }
}